lon,lat,confidence,area_m2,B2,B3,B4,B8,B11,B12,NDVI,NDBI,rf_builtup_prob,distance_to_river_m
36.95010008792239,-1.246479272076047,0.7146000266075134,15.149299621582031,880.0,1083.0,1225.0,2175.0,2015.0,1624.0,0.2794117629528045,-0.0381861589848995,0.85,11.395148759533491
36.94808457424622,-1.2465907496023831,0.7314000129699707,20.66279983520508,1021.0,1269.0,1506.0,1848.0,2401.5,2142.0,0.1019677966833114,0.1302506178617477,0.94,13.650020754056676
36.95149578655211,-1.2454135469242733,0.7594000101089478,33.94150161743164,843.5,1025.0,1072.0,2620.5,2139.0,1637.5,0.4193635880947113,-0.1011660918593406,0.58,14.2173174725795
36.94719721313659,-1.247830379695241,0.7817999720573425,53.63029861450195,1146.0,1343.0,1524.0,2196.5,2519.5,2293.5,0.1807552725076675,0.0684902444481849,0.95,14.469956392348156
36.94913246299379,-1.2475672927330876,0.7874000072479248,14.65470027923584,835.0,989.0,1113.0,1660.0,2123.5,1748.0,0.1972592920064926,0.1225056201219558,0.74,8.799485649118298
36.94783932368829,-1.2466085860065972,0.8098000288009644,19.470399856567383,758.0,898.5,1018.0,1393.0,1979.5,1608.5,0.1555371284484863,0.1739065945148468,0.96,11.048386450627309
36.950006446800266,-1.2475985064404618,0.7501999735832214,50.55929946899414,900.0,1101.0,1256.0,2329.0,2387.5,2066.0,0.2993026375770569,0.0124032655730843,0.82,15.402342765423658
36.94857953446315,-1.246786950048735,0.7203999757766724,32.51729965209961,1131.0,1391.0,1533.0,2384.0,2385.5,2225.0,0.2172581106424331,0.0003144983784295,0.82,14.705749506893053
36.947375577178725,-1.247415683297271,0.7828999757766724,13.5556001663208,1208.0,1424.0,1579.0,2692.0,2955.0,2746.0,0.2605946958065033,0.0465734004974365,0.89,10.22274227453661
36.947241804147126,-1.2476430974509964,0.7250999808311462,31.16419982910156,918.0,1113.0,1210.0,1685.0,2405.0,2117.0,0.1640760004520416,0.1760391145944595,0.88,8.291764130530968
36.9490834128822,-1.2472952875688277,0.7857999801635742,12.94950008392334,1535.0,1787.0,1964.0,2280.0,2240.5,2006.0,0.0744580551981926,-0.0087379710748791,0.88,15.432570823383916
36.94765650054509,-1.2466531770171314,0.8166999816894531,16.944299697875977,1042.0,1228.0,1443.0,2142.5,2290.0,1984.0,0.1950913369655609,0.0332769304513931,0.91,13.769226485272398
36.94815591986308,-1.2468449183624293,0.8223000168800354,53.005401611328125,870.0,1043.0,1242.0,2003.0,2065.5,1802.0,0.2345146387815475,0.0153619274497032,0.71,14.329797634535208
36.95047465241088,-1.2473755513877895,0.7692000269889832,109.01020050048828,1405.0,1659.0,1758.0,2297.0,2495.0,2207.0,0.1329223215579986,0.0413188636302948,0.83,9.272902725876131
36.94816929716624,-1.2466041269055437,0.7002000212669373,36.71950149536133,740.0,919.5,1062.0,1398.5,2065.5,1802.0,0.1367608159780502,0.1925519704818725,0.95,11.647807243580523
36.94807565604412,-1.246568454097116,0.785099983215332,16.109399795532227,1021.0,1269.0,1506.0,1848.0,2401.5,2142.0,0.1019677966833114,0.1302506178617477,0.94,15.966726229491892
36.94762974593878,-1.2469831504950866,0.7087000012397766,52.71149826049805,1194.0,1402.0,1546.0,2220.5,1907.5,1575.0,0.1790787130594253,-0.0758236423134803,0.49,14.671227183480056
36.94762082773667,-1.2466665543202915,0.7926999926567078,17.831600189208984,1042.0,1228.0,1443.0,2142.5,2290.0,1984.0,0.1950913369655609,0.0332769304513931,0.91,14.688663698747117
36.950077792417126,-1.2461225439917716,0.7581999897956848,19.755300521850582,964.0,1280.0,1288.0,2618.0,2208.5,1730.0,0.3405017852783203,-0.0848440900444984,0.85,14.933314981414245
36.95105879464888,-1.2459887709601682,0.7404999732971191,18.982500076293945,950.5,1193.0,1230.0,2476.5,2048.0,1594.5,0.3363010883331299,-0.0947065949440002,0.79,10.727598458164028
36.950942858021484,-1.243197373700711,0.7516999840736389,14.6628999710083,669.0,767.5,2240.0,2667.5,3761.0,3690.0,0.0871115624904632,0.1701018959283828,0.5,8.850992454646233
36.950942858021484,-1.2460868711833435,0.8133000135421753,37.64569854736328,1383.0,1550.0,1785.0,2430.0,2656.0,2393.0,0.1530249118804931,0.0444357059895992,0.88,14.384215054016538
36.94981024635391,-1.2475628336320346,0.7163000106811523,13.662599563598633,1071.0,1229.0,1446.0,1942.5,2179.5,1832.5,0.1465250104665756,0.0574963614344596,0.7,12.242731049006665
36.94974335983811,-1.2461849714065194,0.777899980545044,29.06859970092773,1204.0,1356.0,1500.0,2092.0,2113.0,1757.5,0.1648106873035431,0.0049940547905862,0.73,12.34794323918533
36.948316447501,-1.2466442588150248,0.7265999913215637,27.448400497436523,950.0,1134.0,1352.0,1713.0,2168.5,1972.5,0.1177814006805419,0.1173515394330024,0.9,10.50257622299824
36.95299850360712,-1.2447134680588825,0.7592999935150146,33.99359893798828,481.0,613.0,685.0,1695.0,1906.0,1391.5,0.424369752407074,0.0585948340594768,0.74,14.037539651331807
36.9472150495408,-1.247767952280493,0.8657000064849854,63.85559844970703,1146.0,1343.0,1524.0,2196.5,2519.5,2293.5,0.1807552725076675,0.0684902444481849,0.95,12.278190166016083
36.94989051017288,-1.2457613568064425,0.7742999792098999,15.651599884033203,830.0,1054.0,1052.0,2765.5,2183.5,1616.0,0.4488539695739746,-0.1175995171070098,0.77,12.71030724809819
36.95096515352675,-1.2467111453308262,0.739799976348877,54.39569854736328,1043.0,1207.0,1301.0,2260.0,2177.5,1741.5,0.2693063616752624,-0.0185915492475032,0.95,13.739133743639869
36.94935987714752,-1.2472863693667209,0.7109000086784363,59.358001708984375,1675.0,1973.0,2138.0,2465.0,2555.5,2470.0,0.0710406228899955,0.0180260930210351,0.84,15.94819336267108
36.94865088008002,-1.2468360001603227,0.7276999950408936,26.15589904785156,1590.0,1876.0,2059.0,2395.0,2622.5,2571.5,0.075437806546688,0.0453413054347038,0.94,15.912903854651962
36.94906111737693,-1.2472640738614535,0.7389000058174133,20.354900360107425,1535.0,1787.0,1964.0,2280.0,2240.5,2006.0,0.0744580551981926,-0.0087379710748791,0.88,14.898675631659914
36.94854386165474,-1.2467423590382003,0.782800018787384,38.18939971923828,1347.0,1636.0,1901.0,2315.0,2385.5,2225.0,0.098197340965271,0.0149984043091535,0.84,15.362162078794483
36.95258826631021,-1.2456632565832666,0.7940000295639038,40.23310089111328,769.0,1004.0,1116.0,2230.0,2225.0,1807.5,0.3329348564147949,-0.0011223345063626,0.92,13.04139676431723
36.95053707982562,-1.2465104857834213,0.7763000130653381,34.526798248291016,958.0,1229.0,1310.0,2225.0,2078.5,1645.0,0.2588401734828949,-0.0340420603752136,0.93,14.037593388903312
36.94823618368204,-1.2466264224108108,0.7585999965667725,11.917099952697754,740.0,919.5,1062.0,1398.5,2065.5,1802.0,0.1367608159780502,0.1925519704818725,0.95,8.360438912976857
36.94918151310537,-1.2476163428446758,0.815500020980835,46.26969909667969,1371.0,1588.0,1879.0,2240.5,2572.0,2435.0,0.0877533704042434,0.0688831135630607,0.96,14.098671236264096
36.951277290600494,-1.2469742322929795,0.8248999714851379,31.519100189208984,1233.0,1387.0,1624.0,2296.0,2573.0,2147.0,0.1714285761117935,0.056890532374382,0.92,13.567311989495474
36.94911908569062,-1.2475895882383552,0.7102000117301941,19.95170021057129,1284.0,1479.0,1737.0,2251.0,2547.5,2445.0,0.1288866549730301,0.0617901422083377,0.97,11.604347245965375
36.948267397389415,-1.2466353406129176,0.7494000196456909,20.811199188232425,950.0,1134.0,1352.0,1713.0,2168.5,1972.5,0.1177814006805419,0.1173515394330024,0.9,8.654598803662383
36.94970768702968,-1.246158216800199,0.7662000060081482,18.022300720214844,1204.0,1356.0,1500.0,2092.0,2113.0,1757.5,0.1648106873035431,0.0049940547905862,0.73,11.194963506469445
36.9496586369181,-1.2461626759012523,0.742900013923645,45.8109016418457,1100.0,1365.0,1484.0,2123.5,2416.0,2168.5,0.1772695779800415,0.0644344091415405,0.95,14.077683395209128
36.9490165263664,-1.247237319255133,0.7299000024795532,49.79090118408203,1231.0,1526.0,1723.0,2365.5,2240.5,2006.0,0.1571480929851532,-0.0271385144442319,0.67,11.739711956015393
36.950639639149855,-1.2474201423983242,0.8353999853134155,38.09479904174805,1074.0,1327.0,1442.0,2249.5,2146.0,1736.5,0.2187457680702209,-0.0235468093305826,0.8,8.24730899293197
36.9478571600925,-1.246572913198169,0.7160000205039978,14.096099853515623,1301.0,1526.0,1743.0,2141.5,2642.0,2509.5,0.1025872081518173,0.1046305000782013,0.97,14.682862308662761
36.95003320140658,-1.247326501276202,0.8335999846458435,19.07539939880371,1053.0,1353.0,1528.0,2343.5,2427.0,2116.5,0.2106418758630752,0.0175034068524837,0.74,14.104293717090806
36.94716154032816,-1.247897266211043,0.8447999954223633,121.2218017578125,1071.0,1246.0,1250.0,2147.5,1909.5,1505.5,0.2641648352146148,-0.0586640387773513,0.7,15.286274126606614
36.94920826771169,-1.2473666331856823,0.7692999839782715,74.48030090332031,1313.0,1611.0,1791.0,2453.0,2558.5,2570.5,0.1559849232435226,0.0210515819489955,0.83,13.15132818826197
36.95100528543623,-1.243201832801764,0.7002999782562256,15.58430004119873,669.0,767.5,2240.0,2667.5,3761.0,3690.0,0.0871115624904632,0.1701018959283828,0.5,9.14221117877916
36.948967476254815,-1.247170432739331,0.7684000134468079,78.20690155029297,1619.0,1914.0,2186.0,2557.0,2565.5,2492.5,0.0782205387949943,0.0016593460459262,0.83,12.095974565255565
36.94791958750725,-1.2465773722992228,0.7907999753952026,24.569599151611328,905.5,1148.0,1377.0,1725.0,2327.0,2032.5,0.1121856868267059,0.1485686153173446,0.81,13.237407215289771
36.94936879534963,-1.2459976891622748,0.8299999833106995,39.9911994934082,1642.0,1732.0,2024.0,2659.0,2213.5,1902.0,0.1355968415737152,-0.0914315059781074,0.62,14.488227414428678
36.950126842528704,-1.2465327812886884,0.7161999940872192,34.15689849853516,1343.0,1571.0,1646.0,2217.0,2553.5,2387.0,0.1478125751018524,0.0705376788973808,0.96,14.729887869213997
36.94725072234922,-1.2477099839667982,0.8123000264167786,39.99449920654297,1087.0,1331.0,1455.0,2231.5,2405.0,2117.0,0.2106333971023559,0.0374204665422439,0.91,12.524244276945398
36.94838779311787,-1.246697768027666,0.8123000264167786,46.18069839477539,1468.0,1648.0,1942.0,2212.0,2168.5,1972.5,0.0649975910782814,-0.0099303731694817,0.81,9.295787677921682
36.94926623602539,-1.247598506440462,0.7993000149726868,89.64080047607422,1146.0,1403.0,1673.0,2174.5,2572.0,2435.0,0.1303443759679794,0.0837459191679954,0.96,12.961974429542485
36.95004657870974,-1.2460957893854503,0.7013999819755554,5.844699859619141,964.0,1280.0,1288.0,2618.0,2208.5,1730.0,0.3405017852783203,-0.0848440900444984,0.85,15.367278540396365
36.94768771425247,-1.2469162639792848,0.8030999898910522,13.183600425720217,735.0,852.5,951.5,1739.0,1907.5,1575.0,0.2926965355873108,0.0462086945772171,0.81,11.470168428932606
36.95063518004879,-1.2473532558825224,0.7910000085830688,14.80679988861084,1279.0,1475.0,1561.0,2271.5,2440.0,2213.0,0.1853881329298019,0.0357635580003261,0.85,15.08413001971192
36.9488916715369,-1.247058955212995,0.7452999949455261,79.62449645996094,1350.0,1569.0,1840.0,2348.5,2289.0,1984.0,0.1214038431644439,-0.0128301884979009,0.76,13.347794922420972
36.94710803111551,-1.201531533457313,0.8460000157356262,23.980199813842773,558.0,765.5,769.0,2324.0,1974.0,1384.5,0.5027481317520142,-0.0814332216978073,0.74,15.706190757520023
36.95757354128795,-1.251339692224303,0.9132999777793884,170.6757049560547,932.0,1121.0,1438.0,1916.0,2263.5,2039.0,0.142516404390335,0.0831439197063446,0.95,12.520248174317441
36.95600393771715,-1.2514377924474789,0.7864999771118164,45.5182991027832,1335.0,1438.0,1442.0,2167.5,2424.5,2152.5,0.2009973675012588,0.0559668987989425,0.89,11.722459599676984
36.968493879767856,-1.2296595429024493,0.7390000224113464,9.74820041656494,592.5,828.0,781.5,2463.0,2240.0,1435.5,0.5182616710662842,-0.0474165417253971,0.48,7.9070131943206725
36.957091958374185,-1.251277264809555,0.8687000274658203,121.74410247802734,921.0,994.0,1204.0,1739.0,2181.0,1877.0,0.181787297129631,0.1127551048994064,0.81,5.701195726615849
36.95720343590053,-1.2512772648095545,0.9004999995231628,237.9031982421875,893.0,1013.5,1140.0,1514.0,2181.0,1877.0,0.1409193724393844,0.1805142015218734,0.9,11.493250355776679
36.96939461818064,-1.2296283291950751,0.8474000096321106,86.1635971069336,589.5,828.5,952.0,2391.0,2288.5,1676.0,0.4304516911506653,-0.0219040494412183,0.47,15.09179616285574
36.95700277635313,-1.2513129376179826,0.7839999794960022,31.180099487304688,1221.0,1446.0,1658.0,2524.0,2519.0,2183.0,0.2070779502391815,-0.0009914733236655,0.88,0.9837408628344969
36.95999929226103,-1.2503631490935985,0.7710000276565552,15.73390007019043,1255.0,1582.0,1752.0,2660.5,2684.0,2149.0,0.2058923542499542,0.004397043492645,0.8,14.868780573631025
36.95962472777254,-1.2493330967502525,0.7523999810218811,14.553799629211426,899.0,1136.0,1129.0,2623.0,2654.0,2109.0,0.3981876373291015,0.0058745499700307,0.97,12.329864022214267
36.95607082423295,-1.251397660537998,0.7962999939918518,45.89659881591797,1250.0,1183.0,1158.0,2212.0,2424.5,2152.5,0.3127596378326416,0.045831985771656,0.91,9.168061594441209
36.957814332744846,-1.251357528628517,0.906499981880188,185.6638946533203,790.0,953.0,1524.0,2241.5,1918.0,1531.0,0.1905457377433776,-0.0777737721800804,0.76,14.317425998241537
36.95684670781625,-1.2512415920011273,0.8776000142097473,168.66819763183594,1578.0,1955.0,2182.0,2401.5,2682.0,2417.0,0.0478891693055629,0.0551785193383693,0.94,3.066189617370135
36.95607974243506,-1.251339692224303,0.7425000071525574,21.923799514770508,1444.0,1285.0,1429.0,1890.0,2930.5,2900.0,0.1388972550630569,0.2158489823341369,0.89,13.352239008882846
36.95747098196373,-1.251317396719036,0.8955000042915344,151.23989868164062,1377.0,1714.0,1780.0,2354.0,2263.5,2039.0,0.1388485729694366,-0.019599350169301,0.66,14.558183912596599
36.95994578304839,-1.2512415920011273,0.7789999842643738,113.43109893798828,1298.0,1528.0,1682.0,2294.5,2273.0,1798.5,0.1540299206972122,-0.0047071701847016,0.49,11.855187301539022
36.96949271840382,-1.2296773793066629,0.703499972820282,6.967199802398682,572.0,799.0,1110.0,2794.0,2288.5,1676.0,0.4313524663448334,-0.0994589254260063,0.49,12.916914186099847
36.9561332516477,-1.251317396719036,0.7315000295639038,57.99509811401367,1444.0,1285.0,1429.0,1890.0,2930.5,2900.0,0.1388972550630569,0.2158489823341369,0.89,13.396284734218469
36.95882654868398,-1.2514690061548532,0.7287999987602234,33.8671989440918,832.0,968.5,1100.0,2108.5,2253.0,1742.0,0.3143213391304016,0.0331308022141456,0.73,15.715117230810161
36.96002604686736,-1.2504478720136138,0.7886000275611877,18.15800094604492,856.0,1100.0,1076.0,2920.5,2684.0,2149.0,0.4615288376808166,-0.0421982333064079,0.71,15.539973589958075
36.95984768282522,-1.2516250746917232,0.838100016117096,40.29790115356445,675.0,938.0,969.0,2338.0,2331.5,1628.0,0.4139703512191772,-0.0013920119963586,0.44,15.526838957193458
36.9576850188143,-1.2513307740221962,0.8363000154495239,102.65280151367188,1065.0,1129.0,1318.0,1777.5,2198.5,1961.5,0.1484412848949432,0.105885311961174,0.87,14.21381105089653
36.96929651795747,-1.2296461655992887,0.8205999732017517,72.70860290527344,494.5,763.0,782.0,2500.5,2140.5,1392.5,0.5235338807106018,-0.0775694921612739,0.21,11.40080952221599
36.962960135360525,-1.2284377492138052,0.7433000206947327,47.2692985534668,652.0,906.0,874.0,2468.5,2069.5,1353.0,0.4770381450653076,-0.0879241973161697,0.71,2.9360547531198846
36.963521982093255,-1.2285848995485684,0.7125999927520752,8.267999649047852,522.0,801.0,684.0,2829.0,2231.0,1449.0,0.6105892658233643,-0.1181818172335624,0.08,8.813791801721752
36.969448127393285,-1.2296640020035026,0.723800003528595,5.831999778747559,572.0,799.0,1110.0,2794.0,2288.5,1676.0,0.4313524663448334,-0.0994589254260063,0.49,12.985642285996972
36.96005280147368,-1.250438953811507,0.8310999870300293,19.7317008972168,856.0,1100.0,1076.0,2920.5,2684.0,2149.0,0.4615288376808166,-0.0421982333064079,0.71,12.40971546845401
